1138A-EPHI-2	Mutant
1294A-EPHI-2	Mutant
1391A-EPHI-2	Mutant
1916A-EPHI-2	Mutant
2049A-EPHI-2	Mutant
2079A-EPHI-2	Mutant
2083A-EPHI-2	Mutant
2241A-EPHI-1	Mutant
2585A-EPHI-1	Mutant
2596A-EPHI-1	Mutant
2616A-EPHI-2	Mutant
2643A-EPHI-2	Mutant
2644A-EPHI-2	Mutant
2647A-EPHI-2	Mutant
2653A-EPHI-2	Mutant
2657A-EPHI-2	Mutant
2662A-EPHI-2	Mutant
2664A-EPHI-2	Mutant
2665A-EPHI-2	Mutant
2668A-EPHI-2	Mutant
2676A-EPHI-2	Mutant
2678A-EPHI-2	Mutant
2679A-EPHI-2	Mutant
2703A-EPHI-2	Mutant
2726A-EPHI-2	Mutant
2855A-EPHI-2	Mutant
2867A-EPHI-2	Mutant
2909A-EPHI-2	Mutant
2912A-EPHI-2	Mutant
2933A-EPHI-2	Mutant
3786T-EPHI-1	Mutant
4141T-EPHI-1	Mutant
5378A-EPHI-2	Mutant
5599T-EPHI-1	Mutant
5774T-EPHI-1	Mutant
5790T-EPHI-1	Mutant
1099A-EPHI-2	Mutant
1327A-EPHI-2	Mutant
2181A-EPHI-1	Mutant
2567A-EPHI-1	Mutant
2590A-EPHI-1	Mutant
2694A-EPHI-2	Mutant
2710A-EPHI-2	Mutant
2715A-EPHI-2	Mutant
2728A-EPHI-2	Mutant
2729A-EPHI-2	Mutant
2910A-EPHI-2	Mutant
4147T-EPHI-1	Mutant
5581A-EPHI-2	Mutant
1129A-EPHI-2	Mutant
2274A-EPHI-1	Mutant
1064A-EPHI-2	Wild
1065A-EPHI-2	Wild
1066A-EPHI-2	Wild
1067A-EPHI-2	Wild
1068A-EPHI-2	Wild
1071A-EPHI-2	Wild
1072A-EPHI-2	Wild
1073A-EPHI-2	Wild
1074A-EPHI-2	Wild
1077A-EPHI-2	Wild
1081A-EPHI-2	Wild
1085A-EPHI-2	Wild
1087A-EPHI-2	Wild
1088A-EPHI-2	Wild
1089A-EPHI-2	Wild
1090A-EPHI-2	Wild
1091A-EPHI-2	Wild
1092A-EPHI-2	Wild
1096A-EPHI-2	Wild
1100A-EPHI-2	Wild
1102A-EPHI-2	Wild
1107A-EPHI-2	Wild
1109A-EPHI-2	Wild
1114DA-EPHI-1	Wild
1120A-EPHI-2	Wild
1121A-EPHI-2	Wild
1122A-EPHI-2	Wild
1124A-EPHI-2	Wild
1127A-EPHI-2	Wild
1128A-EPHI-2	Wild
1133A-EPHI-2	Wild
1134A-EPHI-2	Wild
1136A-EPHI-2	Wild
1139A-EPHI-2	Wild
1140A-EPHI-2	Wild
1141A-EPHI-2	Wild
1142A-EPHI-2	Wild
1143A-EPHI-2	Wild
1144A-EPHI-2	Wild
1145A-EPHI-2	Wild
1213A-EPHI-2	Wild
1290A-EPHI-2	Wild
1292A-EPHI-2	Wild
1295A-EPHI-2	Wild
1296A-EPHI-2	Wild
1309A-EPHI-2	Wild
1311A-EPHI-2	Wild
1315A-EPHI-2	Wild
1320A-EPHI-2	Wild
1321A-EPHI-2	Wild
1325A-EPHI-2	Wild
1333A-EPHI-2	Wild
1334A-EPHI-2	Wild
1337A-EPHI-2	Wild
1338A-EPHI-2	Wild
1346A-EPHI-2	Wild
1351A-EPHI-2	Wild
1352A-EPHI-2	Wild
1354A-EPHI-2	Wild
1355A-EPHI-2	Wild
1356A-EPHI-2	Wild
1359A-EPHI-2	Wild
1362A-EPHI-2	Wild
1363A-EPHI-2	Wild
1390A-EPHI-2	Wild
1394A-EPHI-2	Wild
1397A-EPHI-2	Wild
1401A-EPHI-1	Wild
1403A-EPHI-1	Wild
1405A-EPHI-2	Wild
1406A-EPHI-2	Wild
1407A-EPHI-1	Wild
1412A-EPHI-1	Wild
1416A-EPHI-1	Wild
1419A-EPHI-1	Wild
1424A-EPHI-2	Wild
1694A-EPHI-1	Wild
1695A-EPHI-1	Wild
1696A-EPHI-1	Wild
1720A-EPHI-2	Wild
1723A-EPHI-2	Wild
1761A-EPHI-1	Wild
1765A-EPHI-1	Wild
1766A-EPHI-2	Wild
1768A-EPHI-2	Wild
1769A-EPHI-2	Wild
1784A-EPHI-1	Wild
1787A-EPHI-2	Wild
1790A-EPHI-2	Wild
1792A-EPHI-1	Wild
1793A-EPHI-1	Wild
1827A-EPHI-2	Wild
1828A-EPHI-2	Wild
1829A-EPHI-2	Wild
1830A-EPHI-2	Wild
1831A-EPHI-2	Wild
1833A-EPHI-2	Wild
1836DA-EPHI-1	Wild
1839A-EPHI-2	Wild
1845A-EPHI-2	Wild
1846A-EPHI-2	Wild
1847A-EPHI-2	Wild
1849A-EPHI-2	Wild
1853DA-EPHI-1	Wild
1854A-EPHI-2	Wild
1860A-EPHI-2	Wild
1861DA-EPHI-1	Wild
1862A-EPHI-2	Wild
1864DA-EPHI-1	Wild
1909DA-EPHI-1	Wild
1913A-EPHI-2	Wild
1917A-EPHI-2	Wild
1918A-EPHI-2	Wild
1919A-EPHI-2	Wild
1920A-EPHI-2	Wild
1921A-EPHI-2	Wild
1923DA-EPHI-1	Wild
1928A-EPHI-2	Wild
1941A-EPHI-2	Wild
1959A-EPHI-2	Wild
1960A-EPHI-2	Wild
1961A-EPHI-2	Wild
1970A-EPHI-2	Wild
1972A-EPHI-2	Wild
2000A-EPHI-2	Wild
2016A-EPHI-2	Wild
2027A-EPHI-2	Wild
2077A-EPHI-2	Wild
2104A-EPHI-1	Wild
2108A-EPHI-1	Wild
2110A-EPHI-1	Wild
2117A-EPHI-1	Wild
2124A-EPHI-1	Wild
2125A-EPHI-1	Wild
2139A-EPHI-1	Wild
2174A-EPHI-1	Wild
2175A-EPHI-1	Wild
2177A-EPHI-2	Wild
2186A-EPHI-1	Wild
2206A-EPHI-1	Wild
2213A-EPHI-1	Wild
2240A-EPHI-1	Wild
2242A-EPHI-1	Wild
2270A-EPHI-1	Wild
2278A-EPHI-1	Wild
2279DA-EPHI-1	Wild
2284A-EPHI-1	Wild
2285A-EPHI-1	Wild
2286A-EPHI-1	Wild
2288A-EPHI-1	Wild
2291A-EPHI-1	Wild
2360A-EPHI-1	Wild
2430A-EPHI-1	Wild
2432A-EPHI-1	Wild
2433A-EPHI-1	Wild
2435A-EPHI-1	Wild
2438A-EPHI-1	Wild
2440A-EPHI-1	Wild
2444A-EPHI-1	Wild
2446A-EPHI-1	Wild
2447A-EPHI-1	Wild
2448A-EPHI-1	Wild
2450A-EPHI-1	Wild
2460A-EPHI-1	Wild
2462A-EPHI-1	Wild
2465A-EPHI-1	Wild
2481A-EPHI-1	Wild
2484A-EPHI-1	Wild
2487A-EPHI-1	Wild
2493A-EPHI-1	Wild
2497A-EPHI-1	Wild
2563A-EPHI-1	Wild
2564A-EPHI-1	Wild
2573A-EPHI-1	Wild
2581A-EPHI-1	Wild
2586A-EPHI-1	Wild
2601A-EPHI-2	Wild
2613A-EPHI-2	Wild
2617A-EPHI-2	Wild
2620A-EPHI-2	Wild
2622A-EPHI-2	Wild
2623A-EPHI-2	Wild
2625A-EPHI-2	Wild
2645A-EPHI-2	Wild
2649A-EPHI-2	Wild
2652A-EPHI-2	Wild
2656A-EPHI-2	Wild
2659A-EPHI-2	Wild
2681A-EPHI-2	Wild
2682A-EPHI-2	Wild
2684A-EPHI-2	Wild
2688A-EPHI-2	Wild
2689A-EPHI-2	Wild
2691A-EPHI-2	Wild
2692A-EPHI-2	Wild
2700A-EPHI-2	Wild
2702A-EPHI-2	Wild
2704A-EPHI-1	Wild
2711A-EPHI-2	Wild
2716A-EPHI-2	Wild
2718A-EPHI-2	Wild
2722A-EPHI-2	Wild
2723A-EPHI-2	Wild
2732A-EPHI-2	Wild
2734A-EPHI-2	Wild
2765A-EPHI-1	Wild
2766A-EPHI-2	Wild
2767A-EPHI-2	Wild
2850A-EPHI-2	Wild
2851A-EPHI-2	Wild
2859A-EPHI-2	Wild
2862A-EPHI-2	Wild
2874A-EPHI-2	Wild
2875A-EPHI-2	Wild
2877A-EPHI-2	Wild
2878A-EPHI-2	Wild
2879A-EPHI-2	Wild
2907A-EPHI-2	Wild
2934A-EPHI-2	Wild
2935A-EPHI-2	Wild
2936A-EPHI-2	Wild
2940A-EPHI-2	Wild
2941A-EPHI-2	Wild
2945A-EPHI-2	Wild
2953A-EPHI-2	Wild
2954A-EPHI-2	Wild
2960A-EPHI-2	Wild
2961A-EPHI-2	Wild
2962A-EPHI-2	Wild
2994A-EPHI-2	Wild
3125T-EPHI-1	Wild
3127T-EPHI-1	Wild
3131T-EPHI-1	Wild
3132T-EPHI-1	Wild
3133T-EPHI-1	Wild
3184T-EPHI-1	Wild
3186T-EPHI-1	Wild
3187A-EPHI-2	Wild
3316T-EPHI-1	Wild
3317A-EPHI-2	Wild
3346T-EPHI-1	Wild
3385T-EPHI-1	Wild
3392T-EPHI-1	Wild
3396T-EPHI-1	Wild
3397T-EPHI-1	Wild
3439DT-EPHI-1	Wild
3690T-EPHI-1	Wild
3772T-EPHI-1	Wild
3789A-EPHI-2	Wild
3806T-EPHI-1	Wild
3812T-EPHI-1	Wild
3818T-EPHI-1	Wild
3932T-EPHI-1	Wild
3933DT-EPHI-1	Wild
3934A-EPHI-2	Wild
3935T-EPHI-1	Wild
4149DT-EPHI-1	Wild
4247A-EPHI-2	Wild
4248A-EPHI-2	Wild
4375T-EPHI-1	Wild
4441DT-EPHI-1	Wild
4457T-EPHI-1	Wild
4460T-EPHI-1	Wild
4461A-EPHI-2	Wild
4544T-EPHI-1	Wild
4546T-EPHI-1	Wild
4625T-EPHI-1	Wild
4640T-EPHI-1	Wild
4825T-EPHI-1	Wild
4861A-EPHI-2	Wild
4898DT-EPHI-1	Wild
5085T-EPHI-1	Wild
5089A-EPHI-2	Wild
5124T-EPHI-1	Wild
5125T-EPHI-1	Wild
5126T-EPHI-1	Wild
5128T-EPHI-1	Wild
5311T-EPHI-1	Wild
5313T-EPHI-1	Wild
5374T-EPHI-1	Wild
5375DT-EPHI-1	Wild
5431T-EPHI-1	Wild
5492T-EPHI-1	Wild
5495DT-EPHI-1	Wild
5499T-EPHI-1	Wild
5583T-EPHI-1	Wild
5584T-EPHI-1	Wild
5596A-EPHI-2	Wild
5597T-EPHI-1	Wild
5600T-EPHI-1	Wild
5601T-EPHI-1	Wild
5872T-EPHI-1	Wild
5918T-EPHI-1	Wild
5919T-EPHI-1	Wild
5920A-EPHI-2	Wild
5921T-EPHI-1	Wild
5956T-EPHI-1	Wild
8410T-EPHI-1	Wild
1063A-EPHI-2	Wild
1078A-EPHI-2	Wild
1082A-EPHI-2	Wild
1086A-EPHI-2	Wild
1097A-EPHI-2	Wild
1116A-EPHI-2	Wild
1118A-EPHI-2	Wild
1125A-EPHI-2	Wild
1130A-EPHI-2	Wild
1291A-EPHI-2	Wild
1302A-EPHI-2	Wild
1303A-EPHI-2	Wild
1313A-EPHI-2	Wild
1314A-EPHI-2	Wild
1330A-EPHI-2	Wild
1331DA-EPHI-1	Wild
1341A-EPHI-2	Wild
1393A-EPHI-1	Wild
1395A-EPHI-2	Wild
1400A-EPHI-2	Wild
1722A-EPHI-1	Wild
1770A-EPHI-1	Wild
1783A-EPHI-1	Wild
1788A-EPHI-2	Wild
1826A-EPHI-2	Wild
1832A-EPHI-2	Wild
1834A-EPHI-2	Wild
1852A-EPHI-2	Wild
1922A-EPHI-2	Wild
1974A-EPHI-2	Wild
2024A-EPHI-2	Wild
2097A-EPHI-1	Wild
2144A-EPHI-1	Wild
2157A-EPHI-1	Wild
2180A-EPHI-1	Wild
2251A-EPHI-1	Wild
2272A-EPHI-1	Wild
2276A-EPHI-1	Wild
2281A-EPHI-2	Wild
2282A-EPHI-1	Wild
2287A-EPHI-1	Wild
2298A-EPHI-1	Wild
2486A-EPHI-1	Wild
2687A-EPHI-2	Wild
2699A-EPHI-2	Wild
2707A-EPHI-2	Wild
2727A-EPHI-2	Wild
2931A-EPHI-2	Wild
3128T-EPHI-1	Wild
3196T-EPHI-1	Wild
3448T-EPHI-1	Wild
3807T-EPHI-1	Wild
4465T-EPHI-1	Wild
4628T-EPHI-1	Wild
5376T-EPHI-1	Wild
5433T-EPHI-1	Wild
5594T-EPHI-1	Wild
5604A-EPHI-2	Wild
5771DT-EPHI-1	Wild
5912A-EPHI-2	Wild
1312A-EPHI-2	Wild
1336A-EPHI-2	Wild
2642A-EPHI-2	Wild
1332A-EPHI-2	Wild
2035A-EPHI-2	Wild
